IMO,MMSI,ship_name,built_year,tanker_class,capacity_cmb,registered_country,is_capacity_estimated,total_LNG,delivery_counts,total_distance,first_delivery_record,last_delivery_record
9443401,538003354,AAMIRA,2010,Q-Max,265000,Marshall Islands,0,7420000,28,661161,2020-06-10,2024-12-13
9879698,215905000,ADAMASTOS,2021,Large Conventional LNG Carriers,174000,Malta,0,4002000,23,464831,2021-11-06,2024-06-14
9831220,224983000,ADRIANO KNUTSEN,2019,Large Conventional LNG Carriers,180000,Spain,0,5400000,30,631677,2020-01-25,2024-05-04
9338266,538003099,AL AAMRIYA,2008,Q-Flex,210168,Marshall Islands,0,6094872,29,479392,2020-04-18,2024-10-20
9431147,538003349,AL BAHIYA,2010,Q-Flex,210100,Marshall Islands,0,7773700,37,626145,2020-02-14,2024-09-16
9443683,538003355,AL DAFNA,2009,Q-Max,266000,Marshall Islands,0,9576000,36,809598,2020-01-22,2024-12-30
9337705,538002917,AL GATTARA,2007,Q-Flex,216000,Marshall Islands,0,8640000,40,584042,2020-01-13,2024-12-07
9337987,308248000,AL GHARIYA,2008,Q-Flex,209220,Bahamas,0,5858160,28,574202,2020-02-04,2024-07-19
9337717,538002920,AL GHARRAFA,2008,Q-Flex,216200,Marshall Islands,0,8431800,39,748203,2020-02-18,2024-12-23
9397286,538003353,AL GHASHAMIYA,2009,Q-Flex,216200,Marshall Islands,0,8431800,39,745880,2020-02-05,2024-11-19
9372743,538003293,AL GHUWAIRIYA,2008,Q-Max,261700,Marshall Islands,0,9682900,37,728649,2020-02-03,2024-12-23
9337743,538002922,AL HAMLA,2008,Q-Flex,216000,Marshall Islands,0,8208000,38,665708,2020-02-24,2024-12-24
9360879,309255000,AL HUWAILA,2008,Q-Flex,217000,Bahamas,0,6510000,30,508473,2020-01-20,2024-02-17
9324435,240615000,AL JASSASIYA,2007,Standard  Conventional LNG Carriers,145700,Greece,0,3788200,26,186936,2020-03-25,2024-05-02
9431123,538003358,AL KARAANA,2009,Q-Flex,210100,Marshall Islands,0,8824200,42,682802,2020-03-23,2024-12-29
9397327,538003352,AL KHARAITIYAT,2009,Q-Flex,216200,Marshall Islands,0,7350800,34,648311,2020-05-06,2024-12-26
9360881,309333000,AL KHARSAAH,2008,Q-Flex,217000,Bahamas,0,5642000,26,384166,2020-03-14,2024-01-26
9431111,538003350,AL KHATTIYA,2009,Q-Flex,210000,Marshall Islands,0,8190000,39,662202,2020-02-27,2024-12-11
9038440,636010034,AL KHAZNAH,1994,Standard  Conventional LNG Carriers,137540,Liberia,0,2475720,18,261437,2020-05-17,2024-12-31
9085613,538009754,AL KHOR,1996,Standard  Conventional LNG Carriers,137354,Marshall Islands,0,2747080,20,305716,2022-01-19,2024-05-28
9360908,311000140,AL KHUWAIR,2008,Q-Flex,217000,Bahamas,0,5642000,26,592635,2020-01-25,2024-06-01
9397315,538003357,AL MAFYAR,2009,Q-Max,265000,Marshall Islands,0,12190000,46,617708,2020-01-22,2024-12-26
9325685,311468000,AL MARROUNA,2006,Standard  Conventional LNG Carriers,151700,Bahamas,0,4854400,32,226208,2020-04-09,2024-05-13
9397298,538003356,AL MAYEDA,2009,Q-Max,266000,Marshall Islands,0,9576000,36,765921,2020-01-24,2024-12-17
9431135,538003351,AL NUAMAN,2009,Q-Flex,210000,Marshall Islands,0,7980000,38,646369,2020-02-06,2024-11-28
9360790,538003072,AL ORAIQ,2008,Q-Flex,210100,Marshall Islands,0,4412100,21,384423,2020-04-10,2024-07-14
9086734,538009768,AL RAYYAN,1997,Standard  Conventional LNG Carriers,135359,Marshall Islands,0,2571821,19,265601,2022-04-01,2024-10-13
9397339,538003347,AL REKAYYAT,2009,Q-Flex,216200,Marshall Islands,0,8864200,41,653268,2020-03-17,2024-12-31
9337951,309904000,AL RUWAIS,2007,Q-Flex,209220,Bahamas,0,6695040,32,534263,2020-01-21,2024-04-14
9397341,538003361,AL SADD,2009,Q-Flex,209220,Marshall Islands,0,7531920,36,586262,2020-01-26,2024-12-15
9360855,538003019,AL SAHLA,2008,Q-Flex,216200,Marshall Islands,0,8215600,38,618332,2020-02-03,2024-12-28
9388821,538003295,AL SAMRIYA,2009,Q-Max,261700,Marshall Islands,0,8897800,34,616385,2020-02-26,2024-11-17
9360831,538003364,AL SHEEHANIYA,2009,Q-Flex,210166,Marshall Islands,0,5254150,25,388846,2020-01-24,2024-07-27
9298399,309975000,AL THAKHIRA,2005,Standard  Conventional LNG Carriers,145702,Bahamas,0,4516762,31,278395,2020-12-31,2024-05-21
9360843,538003018,AL THUMAMA,2008,Q-Flex,216000,Marshall Islands,0,6264000,29,472159,2020-02-24,2024-11-18
9360867,538003020,AL UTOURIYA,2008,Q-Flex,215100,Marshall Islands,0,8604000,40,565740,2020-02-20,2024-12-16
9086746,538009770,AL WAKRAH,1998,Standard  Conventional LNG Carriers,137568,Marshall Islands,0,2338656,17,296209,2022-04-02,2024-05-06
9074640,636010544,ALHAMRA,1997,Standard  Conventional LNG Carriers,137000,Liberia,0,4384000,32,444395,2020-01-21,2024-12-17
9904194,228420600,ALICANTE KNUTSEN,2022,Large Conventional LNG Carriers,170520,France,0,852600,5,132433,2023-02-13,2024-01-22
9845776,215534000,AMBERJACK LNG,2020,Large Conventional LNG Carriers,172717,Malta,1,2418038,14,340454,2021-02-21,2024-04-13
9317999,538003001,AMUR RIVER,2008,Standard  Conventional LNG Carriers,150000,Marshall Islands,0,2550000,17,175046,2020-01-17,2024-04-09
9645970,229767000,ARCTIC AURORA,2013,Standard  Conventional LNG Carriers,154880,Malta,0,4956160,32,347929,2020-02-28,2024-06-14
9276389,309481000,ARCTIC DISCOVERER,2006,Standard  Conventional LNG Carriers,142612,Bahamas,0,4848808,34,281307,2020-01-26,2024-10-10
9284192,257742000,ARCTIC LADY,2006,Standard  Conventional LNG Carriers,147208,Norway,0,6624360,45,288229,2020-01-22,2024-12-31
9271248,257739000,ARCTIC PRINCESS,2006,Standard  Conventional LNG Carriers,147208,Norway,0,5888320,40,336078,2020-01-14,2024-07-30
9275335,309998000,ARCTIC VOYAGER,2006,Standard  Conventional LNG Carriers,142759,Bahamas,0,5282083,37,292400,2020-01-19,2024-10-25
9862918,241853000,ARISTARCHOS,2021,Large Conventional LNG Carriers,175000,Greece,0,700000,4,123292,2023-08-29,2024-05-24
9862906,215669000,ARISTIDIS I,2021,Large Conventional LNG Carriers,175000,Malta,0,2625000,15,236038,2021-02-05,2024-05-15
9610779,311000185,ASIA ENDEAVOUR,2015,Large Conventional LNG Carriers,160000,Bahamas,0,6720000,42,501925,2020-02-03,2024-12-25
9606950,311000183,ASIA ENERGY,2014,Standard  Conventional LNG Carriers,154948,Bahamas,0,7902348,51,614330,2020-02-25,2024-11-15
9610767,311000184,ASIA EXCELLENCE,2015,Standard  Conventional LNG Carriers,155000,Bahamas,0,7440000,48,584189,2020-05-31,2024-12-23
9680188,311000227,ASIA INTEGRITY,2017,Standard  Conventional LNG Carriers,152615,Bahamas,1,5951985,39,562192,2020-01-14,2024-12-07
9680190,311000228,ASIA VENTURE,2017,Standard  Conventional LNG Carriers,152482,Bahamas,1,6709208,44,728370,2020-01-27,2024-12-25
9606948,311000182,ASIA VISION,2014,Standard  Conventional LNG Carriers,155000,Bahamas,0,7440000,48,580966,2020-02-02,2024-12-15
9884021,215906000,ASKLIPIOS,2021,Large Conventional LNG Carriers,174000,Malta,0,2262000,13,337490,2021-11-04,2024-05-26
9862920,215785000,ATTALOS,2021,Large Conventional LNG Carriers,174000,Malta,0,1914000,11,213515,2021-12-05,2024-04-22
9401295,224436000,BARCELONA KNUTSEN,2010,Large Conventional LNG Carriers,165000,Spain,0,1650000,10,326061,2021-09-14,2024-01-24
9613159,477314400,BEIDOU STAR,2015,Large Conventional LNG Carriers,167000,Hong Kong,0,7849000,47,633436,2020-01-22,2024-12-06
9256597,311745000,BERGE ARZEW,2004,Standard  Conventional LNG Carriers,138058,Bahamas,0,9387944,68,382176,2020-03-03,2024-12-11
9845788,215532000,BONITO LNG,2020,Large Conventional LNG Carriers,172717,Malta,1,2763472,16,456514,2020-07-31,2023-12-01
9768394,209356000,BORIS DAVYDOV,2018,Large Conventional LNG Carriers,173000,Cyprus,0,10726000,62,862865,2020-01-22,2024-12-31
9768368,212654000,BORIS VILKITSKY,2017,Large Conventional LNG Carriers,173000,Cyprus,0,10553000,61,967744,2020-01-25,2024-12-23
9766542,232006300,BRITISH ACHIEVER,2018,Large Conventional LNG Carriers,174000,United Kingdom (UK),0,4176000,24,442564,2020-03-24,2024-12-23
9766554,232006298,BRITISH CONTRIBUTOR,2018,Large Conventional LNG Carriers,174000,United Kingdom (UK),0,4872000,28,541174,2020-02-19,2024-12-31
9766566,232006297,BRITISH LISTENER,2019,Large Conventional LNG Carriers,174000,United Kingdom (UK),0,5394000,31,556352,2020-02-28,2024-12-31
9766578,232006296,BRITISH MENTOR,2019,Large Conventional LNG Carriers,174000,United Kingdom (UK),0,4698000,27,534260,2020-04-29,2024-12-27
9766530,232006301,BRITISH PARTNER,2018,Large Conventional LNG Carriers,174000,United Kingdom (UK),0,4698000,27,390152,2020-03-07,2024-12-31
9766580,232006295,BRITISH SPONSOR,2019,Large Conventional LNG Carriers,174000,United Kingdom (UK),0,4872000,28,502927,2020-01-12,2024-10-21
9388833,538003301,BU SAMRA,2008,Q-Max,267335,Marshall Islands,0,8554720,32,613234,2020-05-13,2024-12-31
9796793,311000846,BUSHU MARU,2019,Large Conventional LNG Carriers,180000,Bahamas,0,3240000,18,505148,2020-06-04,2024-04-14
9230062,258617000,BW BOSTON,2003,Standard  Conventional LNG Carriers,138059,Norway,0,3589534,26,257254,2020-02-15,2024-08-24
9368314,563089400,BW BRUSSELS,2009,Large Conventional LNG Carriers,159274,Singapore,0,4459672,28,505060,2020-03-29,2024-12-29
9896933,563162400,BW CASSIA,2022,Large Conventional LNG Carriers,173400,Singapore,0,1040400,6,186374,2023-03-15,2024-07-15
9243148,564988000,BW EVERETT,2003,Standard  Conventional LNG Carriers,138028,Singapore,0,2346476,17,274735,2020-05-28,2023-08-12
9873852,563126800,BW HELIOS,2021,Large Conventional LNG Carriers,173400,Singapore,0,2254200,13,216480,2021-12-19,2024-05-18
9758076,248587000,BW LILAC,2018,Large Conventional LNG Carriers,173400,Malta,0,4335000,25,485453,2020-04-09,2024-01-03
9792606,563082400,BW PAVILION ARANDA,2019,Large Conventional LNG Carriers,173400,Singapore,0,3121200,18,359825,2020-04-24,2024-03-04
9640645,565515000,BW PAVILION LEEARA,2015,Large Conventional LNG Carriers,160000,Singapore,0,2080000,13,286597,2020-02-15,2024-03-11
9640437,565513000,BW PAVILION VANDA,2015,Large Conventional LNG Carriers,160000,Singapore,0,2720000,17,398325,2020-05-22,2024-03-12
9850678,563104600,BW PAVILIONARANTHERA,2020,Large Conventional LNG Carriers,173400,Singapore,0,4161600,24,502066,2021-01-13,2024-12-31
9758064,563041600,BW TULIP,2018,Large Conventional LNG Carriers,173400,Singapore,0,4161600,24,519812,2020-03-07,2024-03-24
9246578,224263000,CADIZ KNUTSEN,2004,Standard  Conventional LNG Carriers,138000,Spain,0,828000,6,139142,2020-02-11,2024-05-26
9742819,248720000,CASTILLO DE CALDELAS,2018,Large Conventional LNG Carriers,175000,Malta,0,6475000,37,670496,2020-02-01,2024-12-18
9742807,248516000,CASTILLO DE MERIDA,2018,Large Conventional LNG Carriers,175000,Malta,0,4725000,27,545638,2020-01-25,2024-04-13
9236418,256664000,CASTILLO DE VILLALBA,2003,Standard  Conventional LNG Carriers,135000,Malta,0,0,0,0,,
9433717,215739000,CASTILLO SANTISTEBAN,2010,Large Conventional LNG Carriers,173673,Malta,0,3126114,18,382352,2020-03-28,2024-10-29
9864796,538009123,CELSIUS CANBERRA,2021,Large Conventional LNG Carriers,170723,Marshall Islands,1,2390122,14,322919,2021-04-09,2024-07-18
9878723,538009151,CELSIUS CAROLINA,2021,Large Conventional LNG Carriers,180000,Marshall Islands,0,2880000,16,393960,2021-11-11,2024-10-13
9878711,538009152,CELSIUS CHARLOTTE,2021,Large Conventional LNG Carriers,180000,Marshall Islands,0,2880000,16,406990,2021-08-14,2024-04-27
9864784,538009022,CELSIUS COPENHAGEN,2020,Large Conventional LNG Carriers,180000,Marshall Islands,0,3420000,19,410379,2021-03-02,2024-05-23
9945435,538010515,CELSIUS GENEVA,2023,Large Conventional LNG Carriers,180000,Marshall Islands,0,360000,2,58902,2023-09-10,2023-12-02
9324344,311006300,CHEIKH BOUAMAMA,2008,Small LNG Carriers,75500,Bahamas,0,8154000,108,235958,2020-02-16,2024-09-14
9324332,309979000,CHEIKH EL MOKRANI,2007,Small LNG Carriers,75500,Bahamas,0,9286500,123,263508,2020-01-10,2024-09-21
9737187,352002442,CHRIS. DE MARGERIE,2016,Large Conventional LNG Carriers,170000,Panama,0,3230000,19,306564,2023-02-26,2024-07-27
9886744,229416000,CLEAN COPANO,2022,Large Conventional LNG Carriers,180000,Malta,0,1260000,7,195975,2022-10-03,2024-10-14
9943487,256225000,CLEAN DESTINY,2023,Large Conventional LNG Carriers,200000,Malta,0,800000,4,98913,2024-02-01,2024-06-28
9323687,538002742,CLEAN ENERGY,2007,Standard  Conventional LNG Carriers,149700,Marshall Islands,0,1347300,9,247793,2020-12-04,2024-05-10
9655444,256083000,CLEAN HORIZON,2015,Large Conventional LNG Carriers,161870,Malta,0,1942440,12,216164,2020-11-05,2023-12-26
9637492,538005350,CLEAN OCEAN,2014,Large Conventional LNG Carriers,162000,Marshall Islands,0,2592000,16,355235,2020-03-11,2024-12-18
9637507,538005351,CLEAN PLANET,2014,Large Conventional LNG Carriers,161814,Marshall Islands,0,809070,5,171702,2020-07-27,2022-10-30
9655456,256245000,CLEAN VISION,2016,Large Conventional LNG Carriers,161870,Malta,0,1456830,9,320793,2021-10-22,2024-10-07
9869306,215583000,COBIA LNG,2021,Large Conventional LNG Carriers,172717,Malta,1,1899887,11,264036,2021-07-23,2024-08-23
9861031,215567000,COOL DISCOVERER,2020,Large Conventional LNG Carriers,174000,Malta,0,4176000,24,466835,2021-02-07,2024-08-13
9640023,229796000,COOL EXPLORER,2015,Large Conventional LNG Carriers,160000,Malta,0,2400000,15,274104,2020-01-12,2024-04-19
9333591,256056000,COOL RIDER,2007,Standard  Conventional LNG Carriers,155000,Malta,0,930000,6,88943,2023-02-16,2024-04-30
9333618,256195000,COOL ROVER,2008,Standard  Conventional LNG Carriers,155000,Malta,0,2015000,13,184820,2022-11-07,2024-12-31
9636797,229673000,COOL RUNNER,2014,Large Conventional LNG Carriers,160000,Malta,0,2720000,17,367976,2020-04-04,2024-01-24
9636785,229553000,COOL VOYAGER,2013,Large Conventional LNG Carriers,160000,Malta,0,2400000,15,295840,2020-05-27,2024-05-09
9693719,244535000,CORAL ENCANTO,2018,Small LNG Carriers,34575,Netherlands,1,0,0,0,,
9783124,244090097,CORAL ENERGICE,2018,Small LNG Carriers,18000,Netherlands,0,2610000,145,306310,2020-01-07,2024-12-31
9617698,246878000,CORAL ENERGY,2013,Small LNG Carriers,22969,Netherlands,1,1424078,62,172952,2020-10-16,2024-04-23
9919890,246133000,CORAL NORDIC,2022,Small LNG Carriers,30000,Netherlands,0,1620000,54,283082,2023-03-05,2024-12-31
9491812,311038400,CUBAL,2012,Large Conventional LNG Carriers,160000,Bahamas,0,160000,1,50129,2024-10-20,2024-10-20
9874454,563125300,DIAMOND GAS CRYSTAL,2021,Large Conventional LNG Carriers,174000,Singapore,0,2262000,13,380963,2021-08-01,2024-04-05
9810020,563158500,DIAMOND GAS SAKURA,2019,Large Conventional LNG Carriers,165000,Singapore,0,1815000,11,315204,2022-07-19,2024-04-27
9874466,563125700,DIAMOND GAS VICTORIA,2021,Large Conventional LNG Carriers,174000,Singapore,0,3132000,18,489641,2021-09-17,2024-12-09
9085637,538009745,DOHA,1999,Standard  Conventional LNG Carriers,137262,Marshall Islands,0,2607978,19,285000,2022-02-25,2024-04-26
9863182,215578000,DORADO LNG,2020,Large Conventional LNG Carriers,174000,Malta,0,2610000,15,360818,2021-05-18,2024-08-05
9750696,311000548,EDUARD TOLL,2017,Large Conventional LNG Carriers,173400,Bahamas,0,10577400,61,941953,2020-02-03,2024-12-23
9334076,309201000,EJNAN,2007,Standard  Conventional LNG Carriers,145000,Bahamas,0,4060000,28,291290,2020-06-04,2024-03-29
9884473,228415700,ELISA AQUILA,2022,Large Conventional LNG Carriers,174000,France,0,1566000,9,219215,2022-04-22,2024-08-04
9852975,228385600,ELISA LARUS,2020,Large Conventional LNG Carriers,176190,France,1,3699990,21,492865,2020-07-27,2024-11-11
9649328,256647000,ENERGY ATLANTIC,2015,Large Conventional LNG Carriers,159700,Malta,0,3353700,21,449995,2020-03-14,2024-01-29
9854624,538008879,ENERGY ENDEAVOUR,2021,Large Conventional LNG Carriers,170000,Marshall Islands,0,2550000,15,393886,2021-04-19,2024-05-27
9540089,538010445,ENERGY FIDELITY,2023,Large Conventional LNG Carriers,174000,Marshall Islands,0,696000,4,121778,2023-09-09,2024-05-21
9752565,431776000,ENERGY GLORY,2019,Large Conventional LNG Carriers,166686,Japan,0,1500174,9,150037,2020-01-08,2024-11-05
9758832,431048000,ENERGY INNOVATOR,2019,Large Conventional LNG Carriers,165000,Japan,0,660000,4,58822,2022-11-13,2024-07-14
9859739,538008877,ENERGY INTEGRITY,2021,Large Conventional LNG Carriers,170000,Marshall Islands,0,2210000,13,269174,2021-07-13,2024-04-12
9881201,538008876,ENERGY INTELLIGENCE,2021,Large Conventional LNG Carriers,174000,Marshall Islands,0,2784000,16,316568,2021-09-02,2024-05-17
9736092,431540000,ENERGY LIBERTY,2018,Large Conventional LNG Carriers,165000,Japan,0,495000,3,62958,2020-03-11,2021-07-08
9854612,538008878,ENERGY PACIFIC,2020,Large Conventional LNG Carriers,170000,Marshall Islands,0,2380000,14,386579,2020-12-18,2024-09-17
9758844,354114000,ENERGY UNIVERSE,2019,Large Conventional LNG Carriers,165000,Panama,0,495000,3,112568,2021-05-04,2023-09-22
9230050,205421000,EXCALIBUR,2002,Standard  Conventional LNG Carriers,135273,Belgium,0,0,0,383,,
9768370,212660000,FEDOR LITKE,2017,Large Conventional LNG Carriers,173000,Cyprus,0,11072000,64,901132,2020-02-04,2024-12-27
9851634,538008816,FLEX ARTEMIS,2020,Large Conventional LNG Carriers,174000,Marshall Islands,0,2610000,15,378551,2020-10-25,2024-08-13
9857365,538008764,FLEX AURORA,2020,Large Conventional LNG Carriers,174000,Marshall Islands,0,2610000,15,341877,2021-02-05,2024-02-22
9825427,538008205,FLEX CONSTELLATION,2019,Large Conventional LNG Carriers,174000,Marshall Islands,0,3828000,22,499556,2020-03-06,2024-05-25
9709025,538007621,FLEX RANGER,2018,Large Conventional LNG Carriers,170000,Marshall Islands,0,4080000,24,574099,2020-01-30,2024-08-08
9862475,538009179,FLEX VIGILANT,2021,Large Conventional LNG Carriers,175000,Marshall Islands,0,2100000,12,261793,2021-08-01,2024-04-21
9862463,538009058,FLEX VOLUNTEER,2021,Large Conventional LNG Carriers,175000,Marshall Islands,0,2275000,13,286287,2021-03-12,2024-05-29
9360817,538003101,FRAIHA,2008,Q-Flex,210152,Marshall Islands,0,7985776,38,587566,2020-02-23,2024-10-21
9275359,229443000,FUJI LNG,2004,Standard  Conventional LNG Carriers,145494,Malta,0,1018458,7,175495,2020-02-13,2023-07-03
9256200,311605000,FUWAIRIT,2004,Standard  Conventional LNG Carriers,138262,Bahamas,0,5392218,39,563409,2020-05-07,2024-11-14
9877145,209997000,GAIL BHUWAN,2021,Large Conventional LNG Carriers,174000,Cyprus,0,870000,5,139195,2022-11-13,2024-11-01
9864928,310806000,GASLOG GALVESTON,2021,Large Conventional LNG Carriers,180000,Bermuda,0,2520000,14,335575,2021-03-07,2024-05-01
9864916,310800000,GASLOG GEORGETOWN,2020,Large Conventional LNG Carriers,180000,Bermuda,0,1800000,10,304022,2021-03-24,2024-04-23
9744025,310779000,GASLOG GLADSTONE,2019,Large Conventional LNG Carriers,174000,Bermuda,0,4002000,23,464356,2020-04-20,2024-05-10
9687021,310744000,GASLOG GLASGOW,2016,Large Conventional LNG Carriers,174000,Bermuda,0,1914000,11,286775,2020-02-03,2023-06-21
9748904,310773000,GASLOG HONGKONG,2018,Large Conventional LNG Carriers,174000,Bermuda,0,3828000,22,426961,2020-02-18,2024-05-02
9748899,310772000,GASLOG HOUSTON,2018,Large Conventional LNG Carriers,174000,Bermuda,0,2784000,16,320558,2020-02-06,2024-05-01
9600530,310652000,GASLOG SANTIAGO,2013,Standard  Conventional LNG Carriers,155000,Bermuda,0,1550000,10,246676,2020-02-27,2024-05-11
9626273,310657000,GASLOG SYDNEY,2013,Standard  Conventional LNG Carriers,151900,Bermuda,0,2126600,14,288736,2020-03-31,2024-05-16
9853137,310786000,GASLOG WALES,2020,Large Conventional LNG Carriers,180000,Bermuda,0,2700000,15,365796,2020-12-06,2024-05-25
9816763,241662000,GASLOG WARSAW,2019,Large Conventional LNG Carriers,180000,Greece,0,5040000,28,530183,2020-01-26,2024-04-08
9876660,310817000,GASLOG WELLINGTON,2021,Large Conventional LNG Carriers,174000,Bermuda,0,2436000,14,385138,2022-03-10,2024-04-30
9855812,310795000,GASLOG WESTMINSTER,2020,Large Conventional LNG Carriers,171362,Bermuda,1,4112688,24,462639,2020-09-01,2024-07-15
9876737,310816000,GASLOG WINCHESTER,2021,Large Conventional LNG Carriers,174000,Bermuda,0,1740000,10,245261,2022-04-03,2024-04-20
9819650,310787000,GASLOG WINDSOR,2020,Large Conventional LNG Carriers,180000,Bermuda,0,2700000,15,324662,2020-05-19,2024-10-03
9768382,212770000,GEORGIY BRUSILOV,2018,Large Conventional LNG Carriers,173000,Cyprus,0,10553000,61,932158,2020-01-28,2024-12-27
9750749,311000633,GEORGIY USHAKOV,2019,Large Conventional LNG Carriers,170000,Bahamas,0,11390000,67,941605,2020-01-22,2024-12-24
9038452,636010183,GHASHA,1995,Standard  Conventional LNG Carriers,137100,Liberia,0,4798500,35,477921,2020-03-06,2024-12-18
9845013,538008899,GLOBAL ENERGY,2020,Large Conventional LNG Carriers,173400,Marshall Islands,0,2947800,17,379674,2020-07-14,2024-03-01
9880465,538009405,GLOBAL SEA SPIRIT,2021,Large Conventional LNG Carriers,174000,Marshall Islands,0,1914000,11,288073,2022-01-08,2024-03-17
9880477,538009406,GLOBAL SEALINE,2022,Large Conventional LNG Carriers,174000,Marshall Islands,0,2610000,15,357203,2022-03-27,2024-10-14
9859741,538009028,GLOBAL STAR,2021,Large Conventional LNG Carriers,173000,Marshall Islands,0,2249000,13,239921,2021-07-06,2024-02-21
9253105,538002656,GOLAR ARCTIC,2003,Standard  Conventional LNG Carriers,137680,Marshall Islands,0,1239120,9,164097,2020-06-09,2024-02-14
9624926,538004985,GOLAR CRYSTAL,2014,Standard  Conventional LNG Carriers,154948,Marshall Islands,0,2634116,17,301494,2020-05-10,2024-04-21
9637325,538004976,GOLAR ICE,2015,Large Conventional LNG Carriers,166000,Marshall Islands,0,1992000,12,186741,2020-01-17,2023-10-01
9320374,538002609,GOLAR MARIA,2006,Standard  Conventional LNG Carriers,145958,Marshall Islands,0,1459580,10,275913,2020-03-24,2024-05-25
9540716,432935000,GRACE DAHLIA,2013,Large Conventional LNG Carriers,159764,Japan,1,1757404,11,239088,2020-05-01,2024-02-14
9884174,311001072,GRACE EMILIA,2021,Large Conventional LNG Carriers,174000,Bahamas,0,348000,2,66637,2022-01-05,2022-01-30
9922988,228421700,GRAZYNA GESICKA,2023,Large Conventional LNG Carriers,174000,France,0,870000,5,105466,2023-06-30,2024-08-25
9878888,563138800,GUI YING,2021,Large Conventional LNG Carriers,174000,Singapore,0,2784000,16,381887,2021-11-29,2024-12-31
9872999,215684000,HELLAS ATHINA,2021,Large Conventional LNG Carriers,174000,Malta,0,1740000,10,196214,2021-11-01,2024-07-20
9872987,215685000,HELLAS DIANA,2021,Large Conventional LNG Carriers,174000,Malta,0,2436000,14,389987,2021-06-17,2024-08-27
9176010,636023867,HL SUR,2000,Standard  Conventional LNG Carriers,138200,Liberia,0,138200,1,21417,2024-05-16,2024-05-16
9250725,538008396,HONGKONG ENERGY,2004,Standard  Conventional LNG Carriers,138000,Marshall Islands,0,1380000,10,176975,2020-03-18,2024-01-16
9904209,259148000,HUELVA KNUTSEN,2022,Large Conventional LNG Carriers,170520,Norway,0,682080,4,98790,2022-12-21,2024-05-23
9761853,374816000,HYUNDAI PEACEPIA,2017,Large Conventional LNG Carriers,174000,Panama,0,2958000,17,532184,2020-05-17,2024-01-25
9761841,374219000,HYUNDAI PRINCEPIA,2017,Large Conventional LNG Carriers,174000,Panama,0,3132000,18,544930,2020-03-08,2024-04-23
9326603,257990000,IBERICA KNUTSEN,2006,Standard  Conventional LNG Carriers,138120,Norway,0,4143600,30,456591,2020-01-23,2024-03-26
9874820,241747000,ISABELLA,2021,Large Conventional LNG Carriers,160000,Greece,0,3200000,20,435762,2021-12-15,2024-05-20
9901350,241744000,JOHN A.ANGELICOUSSIS,2022,Large Conventional LNG Carriers,174000,Greece,0,5394000,31,403559,2022-05-17,2024-12-18
9373010,370612000,K. MUGUNGWHA,2008,Standard  Conventional LNG Carriers,151812,Panama,0,2732616,18,564931,2020-03-10,2024-09-15
9636723,229581000,KITA LNG,2014,Large Conventional LNG Carriers,159800,Malta,0,1757800,11,300219,2021-06-19,2024-04-19
9654878,636016376,KOOL BALTIC,2015,Large Conventional LNG Carriers,167062,Liberia,0,2672992,16,338005,2020-01-30,2024-08-26
9654880,636016378,KOOL BOREAS,2015,Large Conventional LNG Carriers,167158,Liberia,0,1671580,10,287457,2020-04-12,2024-04-04
9870525,636020078,KOOL ORCA,2021,Large Conventional LNG Carriers,170551,Liberia,0,2387714,14,351670,2021-07-04,2024-11-30
9306495,636021105,KPS LNG ANATOLIA,2006,Standard  Conventional LNG Carriers,154472,Liberia,0,0,0,0,,
9613161,477588600,KUMUL,2016,Large Conventional LNG Carriers,167000,Hong Kong,0,7181000,43,661821,2020-01-23,2024-10-09
9915911,477885400,KUNLUN,2023,Large Conventional LNG Carriers,174000,Hong Kong,0,1392000,8,222277,2023-05-15,2024-10-10
9721724,224444000,LA MANCHA KNUTSEN,2016,Large Conventional LNG Carriers,175000,Spain,0,3500000,20,502733,2020-03-30,2024-04-25
9922976,228421600,LECH KACZYNSKI,2022,Large Conventional LNG Carriers,174000,France,0,1566000,9,179197,2023-05-02,2024-08-15
9629598,538005073,LENA RIVER,2013,Standard  Conventional LNG Carriers,154880,Marshall Islands,0,1239040,8,195077,2020-10-08,2023-12-30
9388819,538003294,LIJMILIYA,2009,Q-Max,261700,Marshall Islands,0,9421200,36,666442,2020-02-22,2024-12-11
9690171,310731000,LNG ABALAMABIE,2016,Large Conventional LNG Carriers,170000,Bermuda,0,4930000,29,609252,2020-02-20,2024-12-15
9690169,310730000,LNG ABUJA II,2016,Large Conventional LNG Carriers,170000,Bermuda,0,4590000,26,567189,2021-01-21,2024-12-09
9262211,310469000,LNG ADAMAWA,2005,Standard  Conventional LNG Carriers,141000,Bermuda,0,2820000,20,452686,2020-11-09,2024-05-09
9870159,228391700,LNG ADVENTURE,2021,Large Conventional LNG Carriers,174000,France,0,2784000,16,337962,2021-07-21,2024-07-23
9262209,310453000,LNG AKWA IBOM,2004,Standard  Conventional LNG Carriers,141000,Bermuda,0,4371000,31,593485,2020-03-02,2024-11-13
9320075,538010704,LNG ALLIANCE,2007,Standard  Conventional LNG Carriers,154472,Marshall Islands,0,463416,3,83756,2023-08-31,2024-03-25
9241267,310381000,LNG BAYELSA,2003,Standard  Conventional LNG Carriers,137300,Bermuda,0,3432500,24,505979,2020-10-05,2024-12-15
9267015,310495000,LNG BENUE,2006,Standard  Conventional LNG Carriers,145952,Bermuda,0,4378560,30,569143,2020-03-17,2024-12-29
9692002,310720000,LNG BONNY II,2015,Large Conventional LNG Carriers,170000,Bermuda,0,6290000,37,694092,2020-03-19,2024-12-05
9322803,310543000,LNG BORNO,2007,Standard  Conventional LNG Carriers,149600,Bermuda,0,3141600,21,504257,2020-09-22,2024-04-01
9834296,477327900,LNG DUBHE,2019,Large Conventional LNG Carriers,174000,Hong Kong,0,3480000,20,568421,2020-09-08,2024-12-06
9893606,228408700,LNG ENDEAVOUR,2021,Large Conventional LNG Carriers,174000,France,0,2088000,12,256400,2021-12-11,2024-11-29
9874492,228400600,LNG ENDURANCE,2021,Large Conventional LNG Carriers,174000,France,0,1914000,11,258184,2022-01-23,2024-04-07
9874480,228399900,LNG ENTERPRISE,2021,Large Conventional LNG Carriers,174000,France,0,1914000,11,228273,2022-02-21,2024-04-28
9266994,310482000,LNG ENUGU,2005,Standard  Conventional LNG Carriers,145926,Bermuda,0,3502224,24,520956,2020-03-30,2024-11-30
9690145,310722000,LNG FINIMA II,2015,Large Conventional LNG Carriers,170000,Bermuda,0,4930000,29,582775,2020-01-26,2024-11-17
9917555,636021083,LNG HARMONY,2023,Large Conventional LNG Carriers,170520,Liberia,0,682080,4,97751,2023-09-02,2024-08-26
9311581,310565000,LNG IMO,2008,Standard  Conventional LNG Carriers,148300,Bermuda,0,4893900,33,582607,2020-03-27,2024-11-17
9769855,477732500,LNG JIA XING,2019,Small LNG Carriers,45000,Hong Kong,0,1440000,32,174487,2022-06-27,2024-12-02
9311567,310534000,LNG KANO,2007,Standard  Conventional LNG Carriers,148300,Bermuda,0,4597300,31,661739,2020-02-07,2024-10-19
9692014,310721000,LNG LAGOS II,2016,Large Conventional LNG Carriers,170000,Bermuda,0,6120000,36,756063,2020-07-13,2024-10-13
9834325,477345600,LNG MEGREZ,2020,Large Conventional LNG Carriers,168835,Hong Kong,1,3039030,18,492568,2021-10-02,2024-12-31
9834301,477345800,LNG MERAK,2020,Large Conventional LNG Carriers,168873,Hong Kong,1,3208587,19,552816,2021-08-20,2024-12-16
9322815,310542000,LNG OGUN,2007,Standard  Conventional LNG Carriers,149600,Bermuda,0,3889600,26,542472,2020-03-09,2024-04-13
9311579,310550000,LNG ONDO,2007,Standard  Conventional LNG Carriers,148300,Bermuda,0,3559200,24,516173,2020-12-04,2024-12-16
9267003,310487000,LNG OYO,2005,Standard  Conventional LNG Carriers,145842,Bermuda,0,1895946,13,298533,2020-09-11,2024-11-28
9834313,477345700,LNG PHECDA,2020,Large Conventional LNG Carriers,169355,Hong Kong,1,3217745,19,483048,2021-08-14,2024-12-05
9690157,310719000,LNG PORT-HARCOURT II,2015,Large Conventional LNG Carriers,170000,Bermuda,0,4930000,29,574384,2020-02-12,2024-12-10
9262235,310479000,LNG RIVER NIGER,2006,Standard  Conventional LNG Carriers,138000,Bermuda,0,3864000,28,449575,2020-10-15,2024-04-17
9266982,310447000,LNG RIVER ORASHI,2004,Standard  Conventional LNG Carriers,145914,Bermuda,0,3939678,27,560129,2020-11-10,2024-10-30
9877133,538008979,LNG ROSENROT,2021,Large Conventional LNG Carriers,174000,Marshall Islands,0,2958000,17,348834,2021-03-17,2024-06-25
9774135,311000760,LNG SAKURA,2018,Large Conventional LNG Carriers,177000,Bahamas,0,2301000,13,293956,2021-09-01,2024-10-21
9771913,357315000,LNG SCHNEEWEISSCHEN,2018,Large Conventional LNG Carriers,180000,Panama,0,3960000,22,475615,2020-02-22,2024-05-23
9216303,310378000,LNG SOKOTO,2002,Standard  Conventional LNG Carriers,137300,Bermuda,0,2608700,19,401985,2020-02-08,2024-08-15
9872949,215762000,LNGSHIPS ATHENA,2021,Large Conventional LNG Carriers,174000,Malta,0,2784000,16,336415,2021-06-10,2024-05-23
9875800,215754000,LNGSHIPS EMPRESS,2021,Large Conventional LNG Carriers,174000,Malta,0,2784000,16,309248,2021-06-30,2024-05-23
9872901,215755000,LNGSHIPS MANHATTAN,2021,Large Conventional LNG Carriers,174000,Malta,0,2088000,12,203530,2021-09-28,2024-04-05
9490961,311038700,LOBITO,2011,Large Conventional LNG Carriers,160000,Bahamas,0,0,0,1442,,
9285952,311628000,LUSAIL,2005,Standard  Conventional LNG Carriers,145663,Bahamas,0,4515553,31,237818,2020-01-19,2024-05-11
9425277,356421000,M. PATRICIA CAMILA,2010,Large Conventional LNG Carriers,170000,Panama,0,1700000,10,214959,2021-09-17,2024-02-27
9705653,311000472,MACOMA,2017,Large Conventional LNG Carriers,170000,Bahamas,0,5100000,30,455905,2020-05-19,2024-12-04
9770921,311000476,MAGDALA,2018,Large Conventional LNG Carriers,172000,Bahamas,0,5160000,30,507104,2020-05-18,2024-12-24
9650054,241353000,MARAN GAS ALEXANDRIA,2015,Large Conventional LNG Carriers,164000,Greece,0,4756000,29,610866,2020-01-23,2024-12-23
9887217,241746000,MARAN GAS AMORGOS,2021,Large Conventional LNG Carriers,174000,Greece,0,1740000,10,236355,2022-02-21,2024-04-08
9701217,241414000,MARAN GAS AMPHIPOLIS,2016,Large Conventional LNG Carriers,160000,Greece,0,3200000,20,376232,2020-03-31,2024-09-04
9810379,241670000,MARAN GAS ANDROS,2019,Large Conventional LNG Carriers,173000,Greece,0,3460000,20,425836,2020-02-03,2024-01-20
9633422,241275000,MARAN GAS APOLLONIA,2014,Large Conventional LNG Carriers,161870,Greece,0,2266180,14,314661,2020-05-22,2023-12-07
9331048,240639000,MARAN GAS CORONIS,2007,Standard  Conventional LNG Carriers,145700,Greece,0,1602700,11,151755,2020-10-11,2024-05-02
9633173,241287000,MARAN GAS DELPHI,2014,Large Conventional LNG Carriers,159800,Greece,0,2237200,14,290714,2020-02-18,2024-02-28
9627497,241291000,MARAN GAS EFESSOS,2014,Large Conventional LNG Carriers,159800,Greece,0,2237200,14,185291,2020-07-12,2024-01-23
9682605,241425000,MARAN GAS HECTOR,2016,Large Conventional LNG Carriers,174000,Greece,0,4350000,25,471779,2020-01-16,2024-03-19
9892717,241745000,MARAN GAS ITHACA,2021,Large Conventional LNG Carriers,174000,Greece,0,1914000,11,233466,2021-12-07,2024-04-08
9883742,241748000,MARAN GAS KALYMNOS,2021,Large Conventional LNG Carriers,174000,Greece,0,3828000,22,132313,2021-11-18,2024-05-26
9627502,241351000,MARAN GAS LINDOS,2015,Large Conventional LNG Carriers,159800,Greece,0,2237200,14,236642,2020-03-21,2024-08-05
9732371,241452000,MARAN GAS OLYMPIAS,2017,Large Conventional LNG Carriers,160000,Greece,0,1600000,10,224412,2021-02-23,2024-03-08
9709489,241424000,MARAN GAS PERICLES,2016,Large Conventional LNG Carriers,164000,Greece,0,3608000,22,370434,2020-02-14,2024-10-22
9658240,241352000,MARAN GAS TROY,2015,Large Conventional LNG Carriers,160000,Greece,0,3520000,22,311730,2020-02-03,2024-07-31
9709491,241404000,MARAN GAS ULYSSES,2017,Large Conventional LNG Carriers,164000,Greece,0,3116000,19,342630,2021-03-15,2024-07-22
9732369,241467000,MARAN GAS VERGINA,2016,Large Conventional LNG Carriers,160000,Greece,0,2400000,15,336016,2020-10-18,2024-02-23
9659725,636017445,MARIA ENERGY,2016,Large Conventional LNG Carriers,160000,Liberia,0,2720000,17,375480,2020-02-21,2024-02-28
9770438,563073300,MARVEL CRANE,2019,Large Conventional LNG Carriers,177000,Singapore,0,2655000,15,447371,2020-03-02,2023-07-06
9759240,374375000,MARVEL EAGLE,2018,Standard  Conventional LNG Carriers,155000,Panama,0,3410000,22,616523,2020-02-23,2024-06-10
9760768,563048500,MARVEL FALCON,2018,Large Conventional LNG Carriers,174000,Singapore,0,2958000,17,515828,2020-02-28,2024-05-16
9760770,563063200,MARVEL HAWK,2018,Large Conventional LNG Carriers,174000,Singapore,0,3132000,18,473668,2020-02-05,2024-04-25
9770440,374022000,MARVEL HERON,2019,Large Conventional LNG Carriers,177000,Panama,0,3009000,17,471843,2020-02-25,2024-04-04
9760782,563069500,MARVEL KITE,2019,Large Conventional LNG Carriers,174000,Singapore,0,3654000,21,575733,2020-02-19,2024-03-19
9759252,356051000,MARVEL PELICAN,2019,Standard  Conventional LNG Carriers,155000,Panama,0,2635000,17,334186,2020-04-27,2024-10-24
9770945,311000478,MEGARA,2018,Large Conventional LNG Carriers,172000,Bahamas,0,4300000,25,519729,2020-02-20,2024-12-16
9397303,538003365,MEKAINES,2009,Q-Max,266000,Marshall Islands,0,9310000,35,717943,2020-01-19,2024-12-25
9337729,538003360,MESAIMEER,2009,Q-Flex,216200,Marshall Islands,0,9945200,46,655155,2020-03-03,2024-12-28
9307190,310510000,MET. JANE ELIZABETH,2006,Standard  Conventional LNG Carriers,145700,Bermuda,0,1894100,13,334160,2020-03-20,2024-03-21
9321768,310540000,METHANE ALISON VICTO,2007,Standard  Conventional LNG Carriers,145700,Bermuda,0,4371000,30,334476,2022-04-21,2024-10-06
9412880,310584000,METHANE JULIA LOUISE,2010,Large Conventional LNG Carriers,170000,Bermuda,0,5100000,30,516320,2020-03-07,2024-12-26
9253715,538004164,METHANE PRNCESS,2003,Standard  Conventional LNG Carriers,138158,Marshall Islands,0,1105264,8,168721,2021-01-27,2024-03-06
9321732,229129000,MILAHA QATAR,2006,Standard  Conventional LNG Carriers,145000,Malta,0,6960000,48,347895,2020-04-06,2024-10-18
9255854,229130000,MILAHA RAS LAFFAN,2004,Standard  Conventional LNG Carriers,138000,Malta,0,6762000,49,503450,2020-03-16,2024-12-09
9885855,256047000,MINERVA AMORGOS,2022,Large Conventional LNG Carriers,162942,Malta,1,814710,5,111311,2023-10-20,2024-07-15
9877341,229099000,MINERVA CHIOS,2021,Large Conventional LNG Carriers,173400,Malta,0,2080800,12,276137,2021-12-30,2024-04-03
9869942,215890000,MINERVA KALYMNOS,2021,Large Conventional LNG Carriers,173400,Malta,0,3641400,21,312657,2021-03-29,2024-01-30
9854375,215889000,MINERVA LIMNOS,2021,Large Conventional LNG Carriers,175113,Malta,1,2101356,12,235634,2022-02-07,2024-04-09
9885996,538009374,MOL HESTIA,2021,Large Conventional LNG Carriers,174000,Marshall Islands,0,1566000,9,265535,2021-10-13,2024-04-05
9337755,538003212,MOZAH,2008,Q-Max,266000,Marshall Islands,0,9044000,34,721683,2020-02-04,2024-12-30
9074638,636010457,MRAWEH,1996,Standard  Conventional LNG Carriers,135000,Liberia,0,3510000,26,336942,2020-09-11,2024-12-28
9878876,636021030,MU LAN,2021,Large Conventional LNG Carriers,174000,Liberia,0,2436000,14,282695,2022-02-01,2024-10-21
9074626,636010373,MUBARAZ,1996,Standard  Conventional LNG Carriers,135000,Liberia,0,4050000,30,425055,2020-04-09,2024-11-14
9705641,311000475,MUREX,2017,Large Conventional LNG Carriers,160000,Bahamas,0,3840000,24,550581,2021-03-15,2024-12-31
9360805,538003100,MURWAB,2008,Q-Flex,210100,Marshall Islands,0,7563600,36,587472,2020-04-18,2024-05-13
9770933,311000477,MYRINA,2018,Large Conventional LNG Carriers,172000,Bahamas,0,4988000,29,558982,2020-05-30,2024-12-29
9324277,636013234,NEO ENERGY,2007,Standard  Conventional LNG Carriers,149700,Liberia,0,2095800,14,327570,2020-01-26,2023-08-04
9929106,352001786,NEW APEX,2023,Large Conventional LNG Carriers,174000,Panama,0,696000,4,51271,2023-03-12,2024-04-06
9750660,477327300,NIKOLAY URVANTSEV,2019,Large Conventional LNG Carriers,170000,Hong Kong,0,11220000,66,938705,2020-01-16,2024-12-24
9750725,311000631,NIKOLAY YEVGENOV,2019,Large Conventional LNG Carriers,172000,Bahamas,0,11008000,64,1042847,2020-01-11,2024-12-31
9768526,209351000,NIKOLAY ZUBOV,2019,Large Conventional LNG Carriers,173000,Cyprus,0,10207000,59,1006733,2020-01-26,2024-12-29
8608872,503000050,NORTHWEST SANDERLING,1989,Small LNG Carriers,125452,Australia,0,4892628,39,541282,2020-01-27,2024-03-05
8913150,503002000,NORTHWEST SANDPIPER,1993,Small LNG Carriers,125000,Australia,0,5250000,42,569771,2020-02-01,2024-03-16
8608884,503000051,NORTHWEST SNIPE,1990,Small LNG Carriers,127544,Australia,0,6122112,48,618802,2020-01-19,2024-03-29
9045132,503009000,NW STORMPETREL,1994,Small LNG Carriers,127525,Australia,0,6121200,48,600182,2020-01-13,2024-03-23
9315692,538002846,OB RIVER,2007,Standard  Conventional LNG Carriers,150000,Marshall Islands,0,1950000,13,249106,2020-05-27,2024-04-11
9397353,538003363,ONAIZA,2009,Q-Flex,209220,Marshall Islands,0,8787240,42,667369,2020-03-05,2024-12-03
9889904,256285000,ORION SEA,2022,Large Conventional LNG Carriers,174000,Malta,0,1044000,6,104381,2023-02-24,2024-07-29
9761267,605076070,OUGARTA,2017,Large Conventional LNG Carriers,170000,Algeria,0,9690000,57,271501,2020-05-19,2024-10-02
9636735,229582000,PALU LNG,2014,Large Conventional LNG Carriers,159800,Malta,0,1757800,11,245116,2020-01-31,2024-03-14
9750256,477168300,PAN AFRICA,2019,Large Conventional LNG Carriers,174000,Hong Kong,0,4524000,26,408203,2020-06-19,2024-12-31
9750232,477142700,PAN AMERICAS,2018,Large Conventional LNG Carriers,174000,Hong Kong,0,4872000,28,546358,2020-06-10,2024-12-27
9750220,477096200,PAN ASIA,2017,Large Conventional LNG Carriers,174000,Hong Kong,0,3828000,22,439794,2021-02-24,2024-12-31
9750244,477157300,PAN EUROPE,2018,Large Conventional LNG Carriers,174000,Hong Kong,0,5394000,31,485103,2020-01-24,2024-12-28
9613135,477518900,PAPUA,2015,Large Conventional LNG Carriers,167000,Hong Kong,0,6346000,38,635835,2020-02-08,2024-10-29
9275074,259393000,PIONEER KNUTSEN,2004,Small LNG Carriers,1100,Norway,0,0,0,0,,
9246621,273211890,PORTOVYY,2003,Standard  Conventional LNG Carriers,135273,Russia,0,135273,1,116,2024-07-12,2024-07-12
9256793,525401281,PRIMA CONCORD,2004,Standard  Conventional LNG Carriers,138273,Indonesia,0,1935822,14,73710,2023-04-28,2024-12-31
9810549,372487000,PRISM AGILITY,2019,Large Conventional LNG Carriers,180000,Panama,0,2520000,14,413771,2020-04-01,2023-12-29
9810551,371086000,PRISM BRILLIANCE,2019,Large Conventional LNG Carriers,180000,Panama,0,2160000,12,323058,2020-06-30,2024-08-24
9888481,352986205,PRISM COURAGE,2021,Large Conventional LNG Carriers,174000,Panama,0,1218000,7,216824,2022-01-08,2024-10-14
9904651,352001216,PRISM DIVERSITY,2022,Large Conventional LNG Carriers,180000,Panama,0,720000,4,123627,2023-06-03,2024-05-15
9630028,626432000,PSKOV,2014,Large Conventional LNG Carriers,170200,Gabon,0,1191400,7,99708,2024-01-24,2024-12-18
9851787,215524000,QOGIR,2020,Large Conventional LNG Carriers,174000,Malta,0,4350000,25,544836,2020-06-23,2024-05-02
9443413,538003362,RASHEEDA,2010,Q-Max,265000,Marshall Islands,0,9010000,34,683009,2020-03-07,2024-10-30
9874040,228440900,RAVENNA KNUTSEN,2021,Small LNG Carriers,30000,France,0,0,0,0,,
9825568,224989000,RIAS BAIXAS KNUTSEN,2019,Large Conventional LNG Carriers,180000,Spain,0,4320000,24,430732,2020-01-17,2024-05-23
9477593,259082000,RIBERA DUERO KNUTSEN,2010,Large Conventional LNG Carriers,173000,Norway,0,6228000,36,723162,2020-02-06,2024-12-26
9721736,224451000,RIOJA KNUTSEN,2016,Large Conventional LNG Carriers,175000,Spain,0,4725000,27,556492,2020-02-14,2024-04-03
9750713,311000627,RUDOLF SAMOYLOVICH,2018,Large Conventional LNG Carriers,172000,Bahamas,0,12040000,70,995884,2020-02-12,2024-12-31
9849887,626433000,SCF LA PEROUSE,2020,Large Conventional LNG Carriers,171588,Gabon,1,0,0,0,,
9339260,538003267,SEAPEAK ARWA,2008,Standard  Conventional LNG Carriers,153000,Marshall Islands,0,3366000,22,455714,2020-05-09,2024-05-14
9771080,408919000,SEAPEAK BAHRAIN,2018,Large Conventional LNG Carriers,174000,Bahrain,0,4002000,22,452787,2021-01-05,2024-07-22
9236420,224941000,SEAPEAK CATALUNYA,2003,Standard  Conventional LNG Carriers,135000,Spain,0,3240000,24,299500,2020-02-28,2024-03-06
9681687,311000246,SEAPEAK CREOLE,2016,Large Conventional LNG Carriers,160000,Bahamas,0,5280000,33,558560,2020-03-09,2024-12-08
9781918,311000665,SEAPEAK GLASGOW,2018,Large Conventional LNG Carriers,174000,Bahamas,0,5568000,30,458912,2020-07-27,2024-12-30
9230048,224985000,SEAPEAK HISPANIA,2002,Standard  Conventional LNG Carriers,138517,Spain,0,2216272,16,379934,2020-02-10,2024-12-30
9369904,219061000,SEAPEAK MERIDIAN,2010,Large Conventional LNG Carriers,165772,Denmark,0,2486580,15,340782,2020-09-15,2024-04-04
9336737,311000135,SEAPEAK METHANE,2008,Large Conventional LNG Carriers,165500,Bahamas,0,3144500,19,323290,2020-02-01,2024-07-25
9721401,311000520,SEAPEAK VANCOUVER,2017,Large Conventional LNG Carriers,160000,Bahamas,0,2400000,15,321328,2020-10-26,2024-10-18
9418365,538003348,SHAGRA,2009,Q-Max,266398,Marshall Islands,0,8791134,33,815191,2020-02-20,2024-12-26
9035852,636010085,SHAHAMAH,1994,Standard  Conventional LNG Carriers,135490,Liberia,0,2845290,21,250085,2020-11-22,2024-11-17
9915894,477836100,SHAOLIN,2022,Large Conventional LNG Carriers,174198,Hong Kong,0,2787168,16,318165,2023-01-03,2024-12-24
9320386,240486000,SIMAISMA,2006,Standard  Conventional LNG Carriers,145700,Greece,0,2622600,18,242122,2020-03-27,2024-02-20
9693161,373808000,SK AUDACE,2017,Large Conventional LNG Carriers,180000,Panama,0,3420000,19,435352,2020-02-20,2024-08-07
9693173,354184000,SK RESOLUTE,2018,Large Conventional LNG Carriers,180082,Panama,0,3781722,21,517346,2020-04-30,2024-11-30
9902902,352001378,SM ALBATROSS,2022,Large Conventional LNG Carriers,170520,Panama,0,1705200,10,171883,2023-01-17,2024-12-04
9761827,370895000,SM EAGLE,2017,Large Conventional LNG Carriers,174000,Panama,0,3828000,22,587152,2020-05-22,2024-11-19
9761839,355658000,SM SEAHAWK,2017,Large Conventional LNG Carriers,174000,Panama,0,2436000,14,396244,2020-07-26,2024-05-03
9482304,311038100,SONANGOL BENGUELA,2011,Large Conventional LNG Carriers,160000,Bahamas,0,0,0,0,,
9482299,311027800,SONANGOL ETOSHA,2011,Large Conventional LNG Carriers,160000,Bahamas,0,0,0,0,,
9475600,311027900,SONANGOL SAMBIZANGA,2011,Large Conventional LNG Carriers,160500,Bahamas,0,1605000,10,243515,2023-02-17,2024-11-29
9613147,477476100,SOUTHERN CROSS,2015,Large Conventional LNG Carriers,172000,Hong Kong,0,6020000,35,413718,2020-02-28,2024-12-15
9475208,311038500,SOYO,2011,Large Conventional LNG Carriers,160000,Bahamas,0,0,0,0,,
9403645,372307000,TAITAR NO.2,2009,Standard  Conventional LNG Carriers,150000,Panama,0,5550000,37,674025,2020-06-29,2024-04-27
9337731,538002921,TEMBEK,2007,Q-Flex,216000,Marshall Islands,0,7560000,35,702283,2020-02-21,2024-11-29
9892456,241766000,TENERGY,2022,Large Conventional LNG Carriers,174000,Greece,0,2088000,12,231565,2022-03-25,2024-02-15
9761243,605076060,TESSALA,2016,Large Conventional LNG Carriers,170000,Algeria,0,11560000,68,316818,2020-03-03,2024-10-16
9854765,257575000,TRAIANO KNUTSEN,2020,Large Conventional LNG Carriers,180000,Norway,0,5400000,30,563432,2020-10-01,2024-08-27
9074652,636010647,UMM AL ASHTAN,1997,Standard  Conventional LNG Carriers,135000,Liberia,0,4455000,33,473389,2020-06-03,2024-11-20
9308431,240411000,UMM BAB,2005,Standard  Conventional LNG Carriers,145700,Greece,0,3933900,27,363145,2020-03-29,2024-09-13
9372731,538003300,UMM SLAL,2008,Q-Max,267335,Marshall Islands,0,9356725,35,671447,2020-03-02,2024-12-04
9750701,477150100,VLADIMIR RUSANOV,2018,Large Conventional LNG Carriers,172000,Hong Kong,0,7740000,45,677084,2020-01-23,2024-12-27
9750658,477194200,VLADIMIR VIZE,2018,Large Conventional LNG Carriers,170000,Hong Kong,0,10540000,62,834590,2020-01-14,2024-12-11
9750737,311000632,VLADIMIR VORONIN,2019,Large Conventional LNG Carriers,170000,Bahamas,0,11220000,66,987205,2020-01-13,2024-12-30
9627966,256278000,WILPRIDE,2013,Large Conventional LNG Carriers,155900,Malta,0,1714900,11,166252,2022-12-29,2024-06-25
9810367,241669000,WOODSIDE REES WITHER,2019,Large Conventional LNG Carriers,173000,Greece,0,9169000,53,806449,2020-01-30,2024-12-09
9859753,241712000,WOODSIDECHARLESALLEN,2020,Large Conventional LNG Carriers,174000,Greece,0,6960000,40,551506,2020-11-29,2024-12-28
9915909,477846500,WUDANG,2022,Large Conventional LNG Carriers,174000,Hong Kong,0,1914000,11,182683,2023-02-12,2024-11-15
9210828,636022142,XINHANG ENERGY,2002,Standard  Conventional LNG Carriers,135000,Liberia,0,3105000,23,111116,2022-10-23,2024-12-04
9750672,311000634,YAKOV GAKKEL,2019,Large Conventional LNG Carriers,170000,Bahamas,0,11730000,69,984263,2020-01-24,2024-12-31
9781920,311000666,YAMAL SPIRIT,2019,Large Conventional LNG Carriers,174000,Bahamas,0,1218000,7,157994,2020-10-11,2022-09-11
9629586,538005072,YENISEI RIVER,2013,Standard  Conventional LNG Carriers,155000,Marshall Islands,0,1395000,9,127547,2020-09-02,2023-10-12
9879674,241743000,YIANNIS,2021,Large Conventional LNG Carriers,174000,Greece,0,1914000,11,220378,2022-04-26,2024-04-08
9431214,538003346,ZARGA,2010,Q-Max,265000,Marshall Islands,0,6625000,24,528501,2020-02-27,2024-12-31
9650042,241289000,MARAN GAS SPARTA,2015,Large Conventional LNG Carriers,161870,GREECE,0,0,0,0,,
9864667,215574000,VIVIT AMERICAS LNG,2020,Large Conventional LNG Carriers,174000,MALTA,0,0,0,0,,
9753026,241637000,WOODSIDE CHANEY,2019,Large Conventional LNG Carriers,160000,GREECE,0,0,0,0,,
9943475,256232000,CLEAN RESOLUTION,2023,Large Conventional LNG Carriers,200000,MALTA,0,0,0,0,,
9269960,310519000,LNG LOKOJA,2006,Standard  Conventional LNG Carriers,148300,BERMUDA,0,0,0,0,,
9791212,311000580,SOSHU MARU,2019,Large Conventional LNG Carriers,177269,BAHAMAS,0,0,0,0,,
9845764,215503000,LA SEINE,2020,Large Conventional LNG Carriers,172715,MALTA,1,0,0,0,,
9490959,311038600,MALANJE,2011,Large Conventional LNG Carriers,160000,BAHAMAS,0,0,0,0,,
9627954,256276000,WILFORCE,2013,Large Conventional LNG Carriers,155900,NORWAY INT REG,0,155900,1,1984,2024-12-04,2024-12-04
9516129,310597000,METHANE BECKI ANNE,2010,Large Conventional LNG Carriers,170000,BERMUDA,0,0,0,0,,
9779226,563189600,DIAMOND GAS ORCHID,2018,Large Conventional LNG Carriers,165000,BAHAMAS,0,0,0,0,,
9796781,311000579,NOHSHU MARU,2019,Large Conventional LNG Carriers,180000,BAHAMAS,0,0,0,0,,
9902926,228451900,ORION BOHEMIA,2022,Large Conventional LNG Carriers,170520,MALTA,0,0,0,0,,
9889916,256287000,ORION SUN,2022,Large Conventional LNG Carriers,174000,LIBERIA,0,174000,1,0,2024-10-14,2024-10-14
9132818,538009771,ZEKREET,1998,Standard  Conventional LNG Carriers,137482,MARSHALL ISLANDS,0,137482,1,9988,2024-10-12,2024-10-12
9259276,224152000,SEAPEAK MADRID,2004,Standard  Conventional LNG Carriers,135000,SPAIN,0,0,0,0,,
9187356,525020429,TRIPUTRA,2001,Small LNG Carriers,22000,INDONESIA,0,0,0,0,,
9308479,477985700,DAPENG SUN,2008,Standard  Conventional LNG Carriers,147000,CHINA,0,0,0,0,,
9630004,636016219,VELIKIY NOVGOROD,2014,Large Conventional LNG Carriers,170200,LIBERIA,0,1191400,7,24657,2023-03-27,2024-10-15
9707510,310583000,GASLOG GIBRALTAR,2016,Large Conventional LNG Carriers,174000,BERMUDA,0,0,0,0,,
9325702,311133000,AL DAAYEN,2007,Standard  Conventional LNG Carriers,151700,BAHAMAS,0,151700,1,1378,2024-08-23,2024-08-23
9902756,636020861,VIVIT ARABIA LNG,2022,Large Conventional LNG Carriers,174000,LIBERIA,0,0,0,0,,
9873840,563121700,BW LESMES,2021,Large Conventional LNG Carriers,173400,SINGAPORE,0,0,0,0,,
9672832,477584200,CESI QINGDAO,2017,Large Conventional LNG Carriers,174000,CHINESE HK,0,0,0,0,,
9672844,477884800,CESI BEIHAI,2017,Large Conventional LNG Carriers,174000,CHINESE HK,0,174000,1,9380,2024-09-22,2024-09-22
9682588,241365000,MARAN GAS ACHILLES,2016,Large Conventional LNG Carriers,174000,GREECE,0,0,0,0,,
9672820,477348600,CESI GLADSTONE,2016,Large Conventional LNG Carriers,174000,CHINESE HK,0,0,0,0,,
9321653,533953000,SERI ANGGUN,2007,Standard  Conventional LNG Carriers,145000,MALAYSIA,0,0,0,0,,
9779238,563189500,DIAMOND GAS ROSE,2018,Large Conventional LNG Carriers,165000,BAHAMAS,0,0,0,0,,
9904170,259147000,SANTANDER KNUTSEN,2022,Large Conventional LNG Carriers,170520,NORWAY INT REG,0,170520,1,562,2024-07-24,2024-07-24
9886732,229427000,CLEAN CAJUN,2022,Large Conventional LNG Carriers,180000,MALTA,0,0,0,0,,
9896452,563183600,SERI DAYA,2023,Large Conventional LNG Carriers,174000,SINGAPORE,0,0,0,0,,
9337975,309599000,DUHAIL,2008,Q-Flex,209220,BAHAMAS,0,0,0,0,,
9262223,310478000,LNG CROSS RIVER,2004,Standard  Conventional LNG Carriers,141000,NIGERIA,0,0,0,0,,
9767950,241579000,MARAN GAS SPETSES,2018,Large Conventional LNG Carriers,160000,GREECE,0,0,0,0,,
9766889,636018010,PATRIS,2018,Large Conventional LNG Carriers,173400,LIBERIA,0,0,0,0,,
9918145,228420700,EL FERROL KNUTSEN,2023,Large Conventional LNG Carriers,170520,FRANCE,0,0,0,0,,
9862346,215573000,PEARL LNG,2020,Large Conventional LNG Carriers,174000,MALTA,0,0,0,0,,
9682576,241355000,MARAN GAS LETO,2016,Large Conventional LNG Carriers,174000,GREECE,0,174000,1,7520,2024-11-09,2024-11-09
9626285,310664000,GASLOG SKAGEN,2013,Standard  Conventional LNG Carriers,155000,BERMUDA,0,0,0,0,,
9336749,538001576,SEAPEAK MARIB,2008,Large Conventional LNG Carriers,165500,MARSHALL ISLANDS,0,0,0,0,,
9709037,538007620,FLEX RAINBOW,2018,Large Conventional LNG Carriers,170000,MARSHALL ISLANDS,0,0,0,0,,
9774628,311000583,LNG JUNO,2018,Large Conventional LNG Carriers,180000,BAHAMAS,0,180000,1,27956,2024-07-21,2024-07-21
9943841,538010295,AMORE MIO I,2023,Large Conventional LNG Carriers,174000,MARSHALL ISLANDS,0,0,0,0,,
